ID,BibTeX Key,Entry Type,Authors,Year,Title,Publication / Publisher,DOI,URL
1,cims2019,Manual,Officials' Committee for Domestic; External Security Coordination,2019,Coordinated Incident Management System (CIMS): Third Edition,Department of the Prime Minister and Cabinet,,https://www.civildefence.govt.nz/assets/Uploads/documents/cims/CIMS-3rd-edition-FINAL-Aug-2019-1.pdf
2,cdemact2002,Misc,New Zealand Government,2002,Civil Defence Emergency Management Act 2002,New Zealand Legislation,,https://www.legislation.govt.nz/act/public/2002/0033/latest/whole.html
3,lee2010cdev,Article,"Lee, Bo-Yao",2010,"Working Together, Building Capacity – A Case Study of Civil Defence Emergency Management in New Zealand",Journal of Disaster Research,10.20965/jdr.2010.p0565,
4,kaiser2025maori,Article,"Kaiser, Lucy; Kenney, Christine",2025,Emergency Managers' Perspectives on Māori Response and Recovery Approaches: Managing Catastrophic Hazard Events in Aotearoa New Zealand,Australian Journal of Emergency Management,10.47389/40.2.30,
5,mistry2026cyclone,Article,"Mistry, Priyanka; Le Dé, Loïc; Miller, Todd",2026,Coordinating Response During Disaster: The 2023 Cyclone Gabrielle in the Hawke's Bay Region as Case Study,Australian Journal of Emergency Management,10.47389/41.1.36,
6,nema2026role,Misc,National Emergency Management Agency,2026,What We Do,National Emergency Management Agency,,https://www.civildefence.govt.nz/about/what-we-do
7,nema2025alerts,Misc,National Emergency Management Agency,2025,Alerts and Warnings,National Emergency Management Agency,,https://www.civildefence.govt.nz/strategy-capability/alerts-warnings
8,getready2026ema,Misc,Get Ready,2026,Emergency Mobile Alert,New Zealand Civil Defence,,https://getready.govt.nz/prepared/ema
9,nema2023emaexplained,Manual,National Emergency Management Agency,2023,Emergency Mobile Alerts Explained: A Guide for Media,National Emergency Management Agency,,https://www.civildefence.govt.nz/assets/Uploads/documents/media/EMA-Explained-A-Guide-for-Media-May-2023-Pages.pdf
10,huggins2020information,Article,"Huggins, Thomas J.; Prasanna, Raj",2020,Information Technologies Supporting Emergency Management Controllers in New Zealand,Sustainability,10.3390/su12093716,
11,becker2020eew,Article,"Becker, Julia S.; Potter, Sally H.; Vinnell, Lauren J.; Nakayachi, Kazuya; McBride, Sara K.; Johnston, David M.",2020,Earthquake Early Warning in Aotearoa New Zealand: A Survey of Public Perspectives to Guide Warning System Development,Humanities and Social Sciences Communications,10.1057/s41599-020-00613-9,
12,vinnell2023eew,Article,"Vinnell, Lauren J.; Tan, Marion L.; Prasanna, Raj; Becker, Julia S.",2023,"Knowledge, Perceptions, and Behavioral Responses to Earthquake Early Warning in Aotearoa New Zealand",Frontiers in Communication,10.3389/fcomm.2023.1229247,
13,vinnell2022evacuation,Article,"Vinnell, Lauren J.; Hudson-Doyle, Emma E.; Inch, Peter; Tan, Marion L.; Becker, Julia S.; Johnston, David M.",2022,"Evacuation Behavior and Information Needs of Wellington, Aotearoa New Zealand Residents Following the 5 March 2021 Mw 7.3 East Cape Earthquake",Seismological Research Letters,10.1785/0220210286,
14,tan2017mobile,Article,"Tan, Marion L.; Prasanna, Raj; Stock, Kristin; Hudson-Doyle, Emma; Leonard, Graham; Johnston, David",2017,Mobile Applications in Crisis Informatics Literature: A Systematic Review,International Journal of Disaster Risk Reduction,10.1016/j.ijdrr.2017.06.009,
15,tan2020usability,Article,"Tan, Marion L.; Prasanna, Raj; Stock, Kristin; Doyle, Emma E. H.; Leonard, Graham; Johnston, David",2020,Modified Usability Framework for Disaster Apps: A Qualitative Thematic Analysis of User Reviews,International Journal of Disaster Risk Science,10.1007/s13753-020-00282-x,
16,coppola2010felt,Article,"Coppola, Jennifer M.; Cowan, Lorena X.; Downes, Gaye L.; Fenaughty, Kevin F.; Grimwood, Paul D.; Leach, Peter; Robertson, E. de J.",2010,Felt Earthquake Reporting via the Internet in New Zealand,Seismological Research Letters,10.1785/gssrl.81.6.984,
17,harrison2022crowdsourcing,Techreport,"Harrison, Sara E.; Potter, Sally H.; Lawson, Rachel V.; Griffin, Angela G.",2022,Understanding the Data Management Needs for Crowdsourcing New Zealand's Hazards,GNS Science,10.21420/V9QJ-M190,
18,geonet2026felt,Misc,GeoNet,2026,Felt Reports,GeoNet,,https://www.geonet.org.nz/data/types/felt
19,antenno2026,Misc,Datacom,2026,Antenno,Datacom,,https://datacom.com/nz/en/products/datascape/antenno
20,thornley2015community,Article,"Thornley, Louise; Ball, Jude; Signal, Louise; Lawson-Te Aho, Keri; Rawson, Emma",2015,Building Community Resilience: Learning from the Canterbury Earthquakes,Kōtuitui: New Zealand Journal of Social Sciences Online,10.1080/1177083X.2014.934846,
21,wilson2013resilience,Article,"Wilson, Geoff A.",2013,"Community Resilience, Social Memory and the Post-2010 Christchurch (New Zealand) Earthquakes",Area,10.1111/area.12012,
22,kenney2015maori,Article,"Kenney, Christine M.; Phibbs, Suzanne",2015,A Māori Love Story: Community-Led Disaster Management in Response to the Ōtautahi (Christchurch) Earthquakes as a Framework for Action,International Journal of Disaster Risk Reduction,10.1016/j.ijdrr.2014.12.010,
23,phibbs2015ngamowaho,Article,"Phibbs, Suzanne; Kenney, Christine; Solomon, M.",2015,Ngā Mōwaho: An Analysis of Māori Responses to the Christchurch Earthquakes,Kōtuitui: New Zealand Journal of Social Sciences Online,10.1080/1177083X.2015.1066401,
24,lede2024volunteers,Article,"Le Dé, Loïc; Ronoh, Steve; Kyu, Ei Mon Thinn; Rive, Brigitte",2024,"How Can Practitioners Support Citizen Volunteers in Disaster Risk Reduction? Insight from ""Good and Ready"" in Aotearoa New Zealand",International Journal of Disaster Risk Science,10.1007/s13753-024-00563-9,
25,rout2025mana,Article,"Rout, Matthew; Awatere, Shaun; Reid, John; Campbell, Emily; Huang, Annie; Warmenhoven, Tui",2025,Barriers to and Opportunities for the Restoration of Mana in Emergency Management Legislation and Its Implementation for Māori,Disasters,10.1111/disa.12684,
26,ishiwatari2021coordination,Article,"Ishiwatari, Mikio",2021,Institutional Coordination of Disaster Management: Engaging National and Local Governments in Japan,Natural Hazards Review,10.1061/(ASCE)NH.1527-6996.0000423,
27,kikuchi2018plans,Article,"Kikuchi, Rena; Numada, Muneyoshi; Mon, May Myat; Naing, Tun; Yu, Khin Than; Meguro, Kimiro",2018,A Comparison of Disaster Management Plans for Both Japan and Myanmar,Journal of Disaster Research,10.20965/jdr.2018.p0062,
28,maki2013tohoku,Article,"Maki, Norio",2013,"Disaster Response to the 2011 Tohoku-Oki Earthquake: National Coordination, a Common Operational Picture, and Command and Control in Local Governments",Earthquake Spectra,10.1193/1.4000121,
29,koresawa2013sar,Article,"Koresawa, Atsushi",2013,Evidence-Based Analysis of Search and Rescue Operations Following the Great East Japan Earthquake,Journal of Disaster Research,10.20965/jdr.2013.p0746,
30,laosunthara2025noto,Article,"Laosunthara, Ampan; Saengtabtim, Kumpol; Suppasri, Anawat; Leelawat, Natt; Ohashi, Taro",2025,"Disaster Management in a Shrinking Society: The 2024 Noto Peninsula Earthquake's Holiday Shutdown, Challenges and Lessons Learned",International Journal of Disaster Risk Reduction,10.1016/j.ijdrr.2025.105582,
31,japanbasicact2024,Misc,Japanese Law Translation,2024,Basic Act on Disaster Management,Japanese Law Translation Database System,,https://www.japaneselawtranslation.go.jp/en/laws/view/3322/en
32,cabinetofficejapan2026disaster,Misc,"Cabinet Office, Government of Japan",2026,Disaster Management,"Cabinet Office, Government of Japan",,https://www.bousai.go.jp/index-e.html
33,cabinetofficejapan2023drr,Manual,"Cabinet Office, Government of Japan",2023,Disaster Management in Japan,"Director General for Disaster Management, Cabinet Office",,https://www.bousai.go.jp/1info/pdf/saigaipamphlet_je.pdf
34,jma2026earthquake,Misc,Japan Meteorological Agency,2026,"Monitoring of Earthquakes, Tsunamis and Volcanic Activity",Japan Meteorological Agency,,https://www.jma.go.jp/jma/en/Activities/earthquake.html
35,fdma2026english,Misc,Fire; Disaster Management Agency,2026,Fire and Disaster Management Agency,"Fire and Disaster Management Agency, Ministry of Internal Affairs and Communications, Japan",,https://www.fdma.go.jp/en/
36,usuda2019sip4d,Article,"Usuda, Yuichiro; Matsui, Takashi; Deguchi, Hiroshi; Hori, Toshikazu; Suzuki, Shingo",2019,The Shared Information Platform for Disaster Management – The Research and Development Regarding Technologies for Utilization of Disaster Information,Journal of Disaster Research,10.20965/jdr.2019.p0279,
37,ise2022sip4d,Article,"Ise, Tadashi; Hanashima, Makoto; Usuda, Yuichiro",2022,"Current Status and Issues of Information Sharing in Disaster Response in Japan: Information Linkage by ""SIP4D""",Journal of Disaster Research,10.20965/jdr.2022.p0976,
38,hanashima2023sip4dzip,Article,"Hanashima, Makoto; Usuda, Yuichiro",2023,Disaster Information Sharing Technology Among Heterogeneous Information Systems Through SIP4D-ZIP Framework,Journal of Disaster Research,10.20965/jdr.2023.p0763,
39,kondo2019disastermedicine,Article,"Kondo, Yuji; Ichikawa, Manabu; Kondo, Hisayoshi; Koido, Yuichi; Otomo, Yasuhiro",2019,Current Disaster Medicine in Japan and the Change Brought by Information Sharing,Journal of Disaster Research,10.20965/jdr.2019.p0292,
40,bean2021mobilealert,Article,"Bean, Hamilton; Cruz, Ana Maria; Shimizu, Mika; Stephens, Keri K.; McGlone, Matthew; Strover, Sharon",2021,Mobile Alert and Warning in the United States and Japan: Confronting the Challenges of International Harmonization,International Journal of Disaster Risk Science,10.1007/s13753-021-00380-4,
41,bean2025mobilewarning,Article,"Bean, Hamilton; Takenouchi, Kensuke; Cruz, Ana Maria",2025,Mobile Public Warning in Japan and the United States: A Sister Cities Collaboration,Frontiers in Communication,10.3389/fcomm.2025.1518729,
42,tsubouchi2024disasterneedfinder,Inproceedings,"Tsubouchi, Kota; Yamaguchi, Shuji; Saitou, Keijirou; Soemori, Akihisa; Morita, Masato; Asou, Shigeki",2024,DisasterNeedFinder: A Framework for Understanding the Information Needs in the Noto Earthquake,Proceedings of the 32nd ACM International Conference on Advances in Geographic Information Systems,10.1145/3678717.3691238,
43,worldbank2019ictjapan,Misc,World Bank; GFDRR,2019,Information and Communication Technology for Disaster Risk Management in Japan: How Digital Solutions Are Leveraged to Increase Resilience Through Improving Early Warnings and Disaster Information Sharing,World Bank / Global Facility for Disaster Reduction and Recovery,,https://openknowledge.worldbank.org/bitstreams/02580952-e3bf-55cc-88bc-4df5f6ecd9a0/download
44,japangov2025spectee,Misc,Government of Japan,2025,Next-Gen Disaster Tech: AI Transforms Social Media and Big Data into Lifesaving Tools,JapanGov,,https://www.japan.go.jp/kizuna/2025/03/next-gen_disaster_tech.html
45,unesco2026spectee,Misc,UNESCO Digital Innovation Hub,2026,Spectee Pro,UNESCO Digital Innovation Hub,,https://www.unesco.org/en/unesco-digital-innovation-hub/spectee-pro-0
46,kitazawa2021socialmedia,Article,"Kitazawa, Katsushige; Hale, Scott A.",2021,Social Media and Early Warning Systems for Natural Disasters: A Case Study of Typhoon Etau in Japan,International Journal of Disaster Risk Reduction,10.1016/j.ijdrr.2020.101926,
47,hirano2023nankai,Article,"Hirano, Kanan; Fukushima, Yo; Maruya, Hiroaki; Kido, Motoyuki; Sugiura, Motoaki",2023,The Anticipated Nankai Trough Earthquake and Tsunami in Japan: Determinant Factors of Residents' Pre-Event Evacuation Intentions,Journal of Disaster Research,10.20965/jdr.2023.p0233,
48,yun2015evacuation,Article,"Yun, Nam Yi; Hamada, Masanori",2015,Evacuation Behavior and Fatality Rate During the 2011 Tohoku-Oki Earthquake and Tsunami,Earthquake Spectra,10.1193/082013EQS234M,
49,tatsuki2013oldage,Article,"Tatsuki, Shigeo",2013,"Old Age, Disability, and the Tohoku-Oki Earthquake",Earthquake Spectra,10.1193/1.4000126,
50,makinoshima2025geolocation,Article,"Makinoshima, Fumiyasu; Yotsui, Saki; Sato, Shosuke; Imamura, Fumihiko",2025,Massive Geolocation Data Reveal Evacuation Behaviour During the 2024 Noto Peninsula Earthquake and Tsunami,Communications Earth & Environment,10.1038/s43247-025-02819-8,
51,itatani2024evacuationcenters,Article,"Itatani, Tomoya; Kojima, Michio; Tanaka, Junichi; Horiike, Ryo; Sibata, Kuniomi; Sasaki, Ryohei",2024,Operational Management and Improvement Strategies of Evacuation Centers During the 2024 Noto Peninsula Earthquake—A Case Study of Wajima City,Safety,10.3390/safety10030062,
52,kaneda2024elderly,Article,"Kaneda, Y.; Beniya, H.",2024,2024 Noto Peninsula Earthquake—Elderly Evacuees and Mental Health Challenges,QJM: An International Journal of Medicine,10.1093/qjmed/hcae062,
53,saito2024superaged,Article,"Saito, Hiroaki; Takita, Morihito; Abe, Toshiki; Yamamoto, Chika; Zhao, Tianchen",2024,Japan Is Facing a Disaster Striking the Super-Aged Community,The Lancet,10.1016/S0140-6736(24)00248-4,
54,ishiki2024olderadults,Article,"Ishiki, Aiko; Kurosawa, Emiko; Narai, Daiki; Sakai, Yuta; Arima, Youtaro; Aihara, Akinobu; Yamagata, Toshihiro; Katsuta, Yoshihisa; Mashiko, Shigeto; Oizumi, Tomoya; Furukawa, Katsutoshi",2024,Best Medical Practices for Older Adults After a Disaster: A Narrative Review,Frontiers in Medicine,10.3389/fmed.2024.1420495,
55,takasugi2025olderadults,Article,"Takasugi, Tomo; Ohtsuka, Rika; Ojima, Toshiyuki",2025,Where Do Older Adults and People with Disabilities Evacuate During Flood Disasters? A Qualitative Study in Japan,International Journal of Disaster Risk Reduction,10.1016/j.ijdrr.2025.105601,
56,tanaka2026preparedness,Article,"Tanaka, Katsuya; Kito, Tadashi; Tanaka, Kohji",2026,Who Pays for Preparedness? Valuing Disaster App Features Through a Factorial Survey Experiment in Flood-Prone Communities,International Journal of Disaster Risk Reduction,10.1016/j.ijdrr.2025.105933,
57,ayuningtyas2021preparedness,Article,"Ayuningtyas, Dumilah; Windiarti, Sri; Hadi, M. Sapoan; Fasrini, Ulya Uti; Barinda, Sandra",2021,Disaster Preparedness and Mitigation in Indonesia: A Narrative Review,Iranian Journal of Public Health,10.18502/ijph.v50i8.6799,
58,akhirianto2025bridging,Article,"Akhirianto, Novian Andri; Ma'rufatin, Anies; Wardani, Khusnul Setia; Kayadoe, Fretha Julian; Kongko, Widjo",2025,Bridging Policy and Practice in Tsunami Disaster Risk Reduction: Evaluating Local Implementation Challenges in Eastern Indonesia,International Journal of Disaster Risk Reduction,10.1016/j.ijdrr.2025.105491,
59,danar2024collaboration,Article,"Danar, Oscar Radyan; Novita, Asti Amelia",2024,Exploring the Impact of Collaboration on the Implementation of Disaster Governance,Cogent Social Sciences,10.1080/23311886.2024.2423051,
60,dwirahmadi2019floodresilient,Article,"Dwirahmadi, Febi; Rutherford, Shannon; Phung, Dung; Chu, Cordia",2019,"Understanding the Operational Concept of a Flood-Resilient Urban Community in Jakarta, Indonesia, from the Perspectives of Disaster Risk Reduction, Climate Change Adaptation and Development Agencies",International Journal of Environmental Research and Public Health,10.3390/ijerph16203993,
61,oktari2022climaterelated,Article,"Oktari, R. S.; Dwirahmadi, F.; Gan, C. C. R.; Darundiyah, K.; Nugroho, P. C.; Wibowo, A.; Chu, C.",2022,Indonesia's Climate-Related Disasters and Health Adaptation Policy in the Build-Up to COP26 and Beyond,Sustainability,10.3390/su14021006,
62,indrayani2021communityprotection,Article,"Indrayani, Etin; Wasistiono, Sadu",2021,"The Role of Community Protection Institution in Disaster Management at West Java, Indonesia",J\`ambá: Journal of Disaster Risk Studies,10.4102/jamba.v13i1.943,
63,kurniadi2022localagency,Article,"Kurniadi, Anwar; Sumantri, Siswo Hadi; Bahar, Fauzi",2022,The Role of Local Disaster Relief Agencies in Influencing Local Government to Make New Spatial Management Local Regulations in Pandeglang Regency,Journal of Disaster Research,10.20965/jdr.2022.p0444,
64,andreastuti2017mitigation,Incollection,"Andreastuti, Supriyati; Budianto, Agus; Paripurno, Eko Teguh",2017,Integrating Social and Physical Perspectives of Mitigation Policy and Practice in Indonesia,Observing the Volcano World: Volcano Crisis Communication,10.1007/11157_2016_36,
65,tjitrawati2023palu,Article,"Tjitrawati, Aktieva Tri; Romadhona, Mochamad Kevin",2023,Affliction in the Post Palu Disaster: State Failure to Implement Human Rights Standard on Disaster Management,Cogent Social Sciences,10.1080/23311886.2023.2233255,
66,dwiputranti2019humanitarianis,Article,"Dwiputranti, Made Irma; Oktora, Raden Adriyani; Okdinawati, Liane; Fauzan, Mohamad Nurkamal",2019,Acceptance and Use of Information Technology: Understanding Information Systems for Indonesia's Humanitarian Relief Operations,Gadjah Mada International Journal of Business,10.22146/gamaijb.39199,
67,santoso2021indonesiandmis,Article,"Santoso, Amelia; Parung, Joniarto; Prayogo, Dina Natalia; Lolita, Ameilia",2021,Designing an Indonesian Disaster Management Information System with Local Characteristics: A Case Study of Mount Merapi,Journal of Disaster Research,10.20965/jdr.2021.p0765,
68,patrisina2021informationmanagement,Inproceedings,"Patrisina, Reinny; Meilani, Difana; Habib, M.",2021,An Information Management System for Effective Disaster Relief Operations,IOP Conference Series: Earth and Environmental Science,10.1088/1755-1315/708/1/012066,
69,meilani2021gisrelief,Inproceedings,"Meilani, Difana; Hadiguna, Rika Ampuh; Pradipta, C. A.",2021,Geographical Information System for Disaster Relief Distribution on Natural Disaster Response,IOP Conference Series: Earth and Environmental Science,10.1088/1755-1315/708/1/012089,
70,pranantyo2015inasafe,Inproceedings,"Pranantyo, Ignatius Ryan; Fadmastuti, Mahardika; Chandra, Fredy",2015,InaSAFE Applications in Disaster Preparedness,AIP Conference Proceedings,10.1063/1.4915053,
71,hidayat2020petabencana,Article,"Hidayat, Hisyam Yusril",2020,Petabencana.id in Flood Disaster Management: An Innovation in Collaborative Governance-Based Early Warning System in Indonesia,JKAP (Jurnal Kebijakan dan Administrasi Publik),10.22146/jkap.53167,
72,widyanarko2018socialmediaopendata,Article,"Widyanarko, Pritta A.",2018,The Use of Social Media and Open Data in Promoting Civic Co-Management: Case of Jakarta,IOP Conference Series: Earth and Environmental Science,10.1088/1755-1315/158/1/012049,
73,khusna2023bigdata,Article,"Khusna, Nur Isroatul; Sumarmi; Bachri, Syamsul; Astina, I Komang; Susilo, Singgih; Idris",2023,Social Resilience and Disaster Resilience: A Strategy in Disaster Management Efforts Based on Big Data Analysis in Indonesian's Twitter Users,Heliyon,10.1016/j.heliyon.2023.e19669,
74,pribadi2021knowledgemanagement,Article,"Pribadi, Krishna Suryanto; Abduh, Muhamad; Wirahadikusumah, Reini D.; Hanifa, Nuraini Rahma; Irsyam, Masyhur; Kusumaningrum, Patria; Puri, E.",2021,Learning from Past Earthquake Disasters: The Need for Knowledge Management System to Enhance Infrastructure Resilience in Indonesia,International Journal of Disaster Risk Reduction,10.1016/j.ijdrr.2021.102424,
75,nasliati2025indepth,Article,"Nasliati; Bisri, Mizan Bustanul Fuady; Sasaki, Daisuke; Oktari, Rina Suryani",2025,Indonesia Disaster Education Repository House (IN-DEPTH) as a Knowledge Management System Platform for Disaster Education,International Journal of Disaster Risk Reduction,10.1016/j.ijdrr.2025.105502,
76,purnama2025tsunamiearlywarning,Article,"Purnama, Muhammad Rizki; Suppasri, Anawat; Pakoksung, Kwanchai; Imamura, Fumihiko; Farid, Mohammad; Adityawan, Mohammad Bagus",2025,Improving Indonesia's Tsunami Early Warning: Part I: Developing Synthetic Tsunami Scenarios and Initial Deployment,Ocean Engineering,10.1016/j.oceaneng.2024.119892,
77,madlazim2016inatews,Article,"Madlazim; Prastowo, Tjipto",2016,Evaluation of Earthquake Parameters Used in the Indonesian Tsunami Early Warning System,Earthquake Science,10.1007/s11589-016-0143-6,
78,rizal2025digitalcommunication,Article,"Rizal, Edwin; Winoto, Yunus; Sugito, Toto; Nugroho, Catur; Septian, Falih I.",2025,"Disaster Communication in the Digital Age: A Community-Based Case Study of Media, Education, and Local Knowledge in Pangandaran, Indonesia",Frontiers in Communication,10.3389/fcomm.2025.1632436,
79,ogie2019petajakarta,Article,"Ogie, Robert I.; Clarke, Rodney J.; Forehead, Hugh I.; Perez, Pascal",2019,Crowdsourced Social Media Data for Disaster Management: Lessons from the PetaJakarta.org Project,"Computers, Environment and Urban Systems",10.1016/j.compenvurbsys.2018.09.002,
80,holderness2015geosocial,Incollection,"Holderness, Tomas; Turpin, Etienne",2015,"From Social Media to GeoSocial Intelligence: Crowdsourcing Civic Co-Management for Flood Response in Jakarta, Indonesia",Social Media for Government Services,10.1007/978-3-319-27237-5_6,
81,ogie2017georeferenced,Inproceedings,"Ogie, Robert I.; Forehead, Hugh",2017,Investigating the Accuracy of Georeferenced Social Media Data for Flood Mapping: The PetaJakarta.org Case Study,2017 4th International Conference on Information and Communication Technologies for Disaster Management (ICT-DM),10.1109/ICT-DM.2017.8275672,
82,perez2015citizendriven,Inproceedings,"Perez, Pascal; Holderness du Chemin, Tomas; Turpin, Etienne; Clarke, Rodney",2015,Citizen-Driven Flood Mapping in Jakarta: A Self-Organising Socio-Technical System,2015 IEEE International Conference on Self-Adaptive and Self-Organizing Systems Workshops (SASOW),10.1109/SASOW.2015.40,
83,kibanov2017socialmedia,Article,"Kibanov, Mark; Stumme, Gerd; Amin, Imaduddin; Lee, Jong Gun",2017,Mining Social Media to Inform Peatland Fire and Haze Disaster Management,Social Network Analysis and Mining,10.1007/s13278-017-0446-1,
84,kedia2022situational,Article,"Kedia, Tara; Ratcliff, Jeremy; O'Connor, Megan; Oluic, Sophia; Rose, Michelle; Freeman, Jeff; Rainwater-Lovett, Kaitlin",2022,Technologies Enabling Situational Awareness During Disaster Response: A Systematic Review,Disaster Medicine and Public Health Preparedness,10.1017/dmp.2020.196,
85,lai2018digital,Article,"Lai, Chih-Hui; Chib, Arul; Ling, Rich",2018,"Digital Disparities and Vulnerability: Mobile Phone Use, Information Behaviour, and Disaster Preparedness in Southeast Asia",Disasters,10.1111/disa.12279,
86,hbcdem2024gabriellereview,Techreport,Hawke's Bay Civil Defence; Emergency Management Group,2024,Independent External Review for Hawke's Bay Civil Defence and Emergency Management Group Response to Cyclone Gabrielle,Hawke's Bay Civil Defence and Emergency Management Group,,https://www.hbemergency.govt.nz/assets/Uploads/HBCDEM-Response-to-Cyclone-Gabrielle-Final-Report.pdf
87,nissen2021sva,Article,"Nissen, Sylvia; Carlton, Sally; Wong, Jennifer H. K.; Johnson, Sam",2021,"`Spontaneous' Volunteers? Factors Enabling the Student Volunteer Army Mobilisation Following the Canterbury Earthquakes, 2010–2011",International Journal of Disaster Risk Reduction,10.1016/j.ijdrr.2020.102008,
88,hanawa2024sns,Article,"Hanawa, Yuki",2024,Sharing Information on Daily Life During the Disaster Through SNS: The 2024 Noto Peninsula Earthquake as a Case Study,Abstracts of Annual Congress of The Japan Society of Home Economics,10.11428/kasei.76.0_74,
89,kimijima2025shiloe,Article,"Kimijima, Satomi; Ping, Chun; Fujita, Shono; Hanashima, Makoto; Toride, Shingo; Taguchi, Hitoshi",2025,Stepwise Multisensor Estimation of Shelter Hazard and Lifeline Outages for Disaster Response and Resilience: A Case Study of the 2024 Noto Peninsula Earthquake,Sustainability,10.3390/su17209261,
90,bnpb2019pusdalops,Misc,Badan Nasional Penanggulangan Bencana,2019,Pusdalops Mempunyai Peran Penting Dalam Penanggulangan Bencana,,,https://bnpb.go.id/berita/pusdalops-mempunyai-peran-penting-dalam-penanggulangan-bencana
91,leksono2019pusdalops,Article,"Leksono, Tifani Octavia; Yustitia, Senja; Rochayanti, Christina",2019,Disaster Communication Management Pusdalops PB Sleman in Disaster Information Coordination,The Indonesian Journal of Communication Studies,10.31315/ijcs.v12i1.2997,
92,djalante2018research,Article,"Djalante, Riyanti",2018,"A Systematic Literature Review of Research Trends and Authorships on Natural Hazards, Disasters, Risk Reduction and Climate Change in Indonesia",Natural Hazards and Earth System Sciences,10.5194/nhess-18-1785-2018,
93,bnpbinarisk,Misc,Badan Nasional Penanggulangan Bencana,,Tentang InaRISK,,,https://inarisk.bnpb.go.id/about
94,bnpb2023satudata,Misc,Badan Nasional Penanggulangan Bencana,2023,Peraturan Badan Nasional Penanggulangan Bencana Nomor 1 Tahun 2023 tentang Satu Data Bencana [National Disaster Management Agency Regulation No. 1 of 2023 on One Disaster Data],,,https://jdih.bnpb.go.id/dokumen/Peraturan/perban-nomor-1-tahun-2023
95,lestari2023pusdalops,Inproceedings,"Lestari, Puji; Paripurno, Eko Teguh; Nadeak, Juspri; Julistanti, Esti; Mahojwala, Gandar; Ardiyanti, Vanissa Zera",2023,"Establishing Pusdalops PB: A Solution to Disaster Risk Communication in Karo Regency, Indonesia",Proceedings of the International Conference on Advance Research in Social and Economic Science (ICARSE 2022),10.2991/978-2-38476-048-0_41,
96,pdc2020indonesia,Techreport,Pacific Disaster Center,2020,National Disaster Preparedness Baseline Assessment: Indonesia,Pacific Disaster Center,,https://www.pdc.org/wp-content/uploads/NDPBA_IDN_Final_Report_English.pdf
97,unfpa2024satudata,Misc,United Nations Population Fund Indonesia,2024,BNPB Regulation No. 1/2023 on Indonesia One Disaster Data,,,https://indonesia.unfpa.org/en/publications/bnpb-regulation-no-12023-indonesia-one-disaster-data
98,nurdeni2022twitter,Article,"Nurdeni, Deden Ade; Budi, Indra; Yunita, Ariana",2022,Extracting Information from Twitter Data to Identify Types of Assistance for Victims of Natural Disasters: An Indonesian Case Study,Journal of Management Information and Decision Sciences,,https://www.abacademies.org/articles/extracting-information-from-twitter-data-to-identify-types-of-assistance-for-victims-of-natural-disasters-an-indonesian-case-study-13713.html
99,yulianto2020communication,Article,"Yulianto, Edy; Utari, Prahastiwi; Satyawan, Ignatius Agung",2020,"Communication Technology Support in Disaster-Prone Areas: Case Study of Earthquake, Tsunami and Liquefaction in Palu, Indonesia",International Journal of Disaster Risk Reduction,10.1016/j.ijdrr.2019.101457,
100,maki2014information,Article,"Maki, Norio",2014,How Can We Collect and Summarize Information About Emergency Response Operations?,Journal of Disaster Research,10.20965/jdr.2014.p0198,
101,bharosa2010sharing,Article,"Bharosa, Nitesh; Lee, JinKyu; Janssen, Marijn",2010,Challenges and Obstacles in Sharing and Coordinating Information During Multi-Agency Disaster Response: Propositions from Field Exercises,Information Systems Frontiers,10.1007/s10796-009-9174-z,
